{"timestamp": 1775218546.8000524, "tf": "M5", "best_score": 5.398471466267043}