{"timestamp": 1774801417.6893382, "tf": "M5", "best_score": 4.953615714300805}