{"timestamp": 1775308945.3274121, "tf": "M5", "best_score": 1.333719333845955}