{
  "params": {
    "obs_cov": 1.871374078033348,
    "trans_cov": 0.009363834714927056,
    "n_states": 3,
    "max_depth": 8,
    "reg_alpha": 0.044134704747021275,
    "reg_lambda": 0.057824785496186304,
    "min_child_weight": 44,
    "learning_rate": 0.01347489962814634,
    "n_estimators": 400,
    "subsample": 0.5093713104301962,
    "colsample_bytree": 0.5037038963103746,
    "gamma": 0.28888597769481345,
    "scale_pos_weight": 1.6464805215202742
  },
  "score": 1.7126722472583376,
  "tf": "H1",
  "broker": "headway_cent"
}